Category,Start time,End time
Screen ,2015-10-03 19:30:26,
Screen ,2015-10-03 19:08:30,2015-10-03 19:08:39
Screen ,2015-10-03 18:57:00,2015-10-03 19:03:19
Screen ,2015-10-03 18:44:01,2015-10-03 18:45:13
Screen ,2015-10-03 18:32:02,2015-10-03 18:35:24
Screen ,2015-10-03 18:31:54,2015-10-03 18:32:02
Screen ,2015-10-03 18:24:28,2015-10-03 18:29:11
Screen ,2015-10-03 18:14:35,2015-10-03 18:14:50
Screen ,2015-10-03 18:14:34,2015-10-03 18:14:35
Screen ,2015-10-03 18:13:44,2015-10-03 18:14:27
Screen ,2015-10-03 18:02:35,2015-10-03 18:02:50
Screen ,2015-10-03 18:02:29,2015-10-03 18:02:35
Screen ,2015-10-03 17:41:49,2015-10-03 17:46:17
Screen ,2015-10-03 17:41:45,2015-10-03 17:41:46
Screen ,2015-10-03 17:03:16,2015-10-03 17:03:24
Screen ,2015-10-03 17:00:42,2015-10-03 17:01:06
Screen ,2015-10-03 16:45:56,2015-10-03 16:51:39
Screen ,2015-10-03 16:44:20,2015-10-03 16:45:18
Screen ,2015-10-03 16:43:44,2015-10-03 16:43:53
Screen ,2015-10-03 16:32:02,2015-10-03 16:32:23
Screen ,2015-10-03 16:30:46,2015-10-03 16:31:17
Screen ,2015-10-03 15:56:11,2015-10-03 15:57:30
Screen ,2015-10-03 14:20:27,2015-10-03 14:20:33
Home ,2015-10-03 14:12:25,
Driving,2015-10-03 13:59:17,2015-10-03 14:10:15
Screen ,2015-10-03 13:41:35,2015-10-03 13:43:02
Screen ,2015-10-03 13:40:51,2015-10-03 13:41:33
Screen ,2015-10-03 13:25:46,2015-10-03 13:28:06
Driving,2015-10-03 13:23:36,2015-10-03 13:36:51
Screen ,2015-10-03 13:16:58,2015-10-03 13:17:45
Sportrock,2015-10-03 12:11:31,2015-10-03 13:17:08
Screen ,2015-10-03 12:11:24,2015-10-03 12:12:48
Driving,2015-10-03 11:57:31,2015-10-03 12:08:29
Screen ,2015-10-03 11:55:23,2015-10-03 11:56:17
Screen ,2015-10-03 11:55:06,2015-10-03 11:55:07
Screen ,2015-10-03 11:35:59,2015-10-03 11:36:04
Screen ,2015-10-03 11:25:11,2015-10-03 11:33:22
Screen ,2015-10-03 11:09:42,2015-10-03 11:09:48
Home ,2015-10-03 11:05:20,2015-10-03 11:58:39
Driving,2015-10-03 11:00:07,2015-10-03 11:03:47
Screen ,2015-10-03 10:58:54,2015-10-03 10:59:01
Screen ,2015-10-03 10:58:42,2015-10-03 10:58:50
Screen ,2015-10-03 10:57:00,2015-10-03 10:57:13
Screen ,2015-10-03 10:55:15,2015-10-03 10:55:35
Screen ,2015-10-03 10:54:17,2015-10-03 10:54:27
Screen ,2015-10-03 10:52:54,2015-10-03 10:53:19
Screen ,2015-10-03 10:49:16,2015-10-03 10:49:32
Screen ,2015-10-03 10:48:04,2015-10-03 10:48:15
Screen ,2015-10-03 10:45:12,2015-10-03 10:45:18
Screen ,2015-10-03 10:43:12,2015-10-03 10:43:27
Screen ,2015-10-03 10:40:39,2015-10-03 10:41:07
Screen ,2015-10-03 10:39:29,2015-10-03 10:39:52
GYM,2015-10-03 10:32:56,2015-10-03 10:58:59
Screen ,2015-10-03 10:32:53,2015-10-03 10:33:01
Screen ,2015-10-03 10:32:39,2015-10-03 10:32:52
Driving,2015-10-03 10:28:52,2015-10-03 10:32:41
Screen ,2015-10-03 10:28:51,2015-10-03 10:29:02
Screen ,2015-10-03 10:26:49,2015-10-03 10:26:57
Screen ,2015-10-03 10:21:37,2015-10-03 10:25:09
Screen ,2015-10-03 10:19:24,2015-10-03 10:19:46
Screen ,2015-10-03 10:14:21,2015-10-03 10:14:24
Screen ,2015-10-03 10:12:20,2015-10-03 10:12:22
Screen ,2015-10-03 10:10:40,2015-10-03 10:12:05
Screen ,2015-10-03 09:18:15,2015-10-03 10:00:58
Screen ,2015-10-03 09:09:48,2015-10-03 09:15:47
Screen ,2015-10-03 09:05:30,2015-10-03 09:07:10
Home ,2015-10-03 04:10:43,2015-10-03 10:29:47
Screen ,2015-10-03 03:35:45,2015-10-03 03:36:03
Screen ,2015-10-03 03:30:20,2015-10-03 03:30:41
Screen ,2015-10-03 03:23:06,2015-10-03 03:23:15
Home ,2015-10-03 03:22:28,2015-10-03 04:10:22
Screen ,2015-10-03 03:22:08,2015-10-03 03:22:57
Driving,2015-10-03 03:05:46,2015-10-03 03:21:24
Screen ,2015-10-03 02:44:38,2015-10-03 02:44:50
Screen ,2015-10-03 01:57:27,2015-10-03 01:57:31
Screen ,2015-10-03 01:25:19,2015-10-03 01:25:24
Screen ,2015-10-03 00:48:07,2015-10-03 00:48:12
Screen ,2015-10-03 00:33:44,2015-10-03 00:34:15
Screen ,2015-10-03 00:29:42,2015-10-03 00:29:53
Screen ,2015-10-03 00:15:41,2015-10-03 00:15:43
Screen ,2015-10-03 00:15:13,2015-10-03 00:15:38
Screen ,2015-10-02 23:14:28,2015-10-02 23:14:34
Screen ,2015-10-02 22:39:46,2015-10-02 22:40:26
Screen ,2015-10-02 22:21:56,2015-10-02 22:22:30
Screen ,2015-10-02 21:08:53,2015-10-02 21:09:28
Screen ,2015-10-02 21:07:05,2015-10-02 21:07:31
Driving,2015-10-02 21:06:05,2015-10-02 21:20:14
Screen ,2015-10-02 20:55:05,2015-10-02 20:56:21
Screen ,2015-10-02 20:53:21,2015-10-02 20:53:25
Screen ,2015-10-02 20:50:16,2015-10-02 20:51:00
Screen ,2015-10-02 20:49:48,2015-10-02 20:50:16
Screen ,2015-10-02 20:33:48,2015-10-02 20:33:50
Screen ,2015-10-02 20:06:39,2015-10-02 20:06:48
Screen ,2015-10-02 20:06:10,2015-10-02 20:06:33
Screen ,2015-10-02 19:53:21,2015-10-02 19:53:40
Screen ,2015-10-02 19:44:50,2015-10-02 19:44:53
Screen ,2015-10-02 19:37:28,2015-10-02 19:38:10
Screen ,2015-10-02 19:37:23,2015-10-02 19:37:27
Screen ,2015-10-02 19:36:14,2015-10-02 19:37:10
Screen ,2015-10-02 19:28:44,2015-10-02 19:29:11
Screen ,2015-10-02 19:27:27,2015-10-02 19:28:43
Screen ,2015-10-02 19:15:08,2015-10-02 19:23:55
Screen ,2015-10-02 19:14:21,2015-10-02 19:14:33
Screen ,2015-10-02 19:12:41,2015-10-02 19:12:46
Screen ,2015-10-02 19:12:18,2015-10-02 19:12:41
Screen ,2015-10-02 19:10:08,2015-10-02 19:10:12
Screen ,2015-10-02 19:09:43,2015-10-02 19:09:48
Screen ,2015-10-02 19:08:27,2015-10-02 19:09:40
Driving,2015-10-02 19:07:51,2015-10-02 19:29:52
Screen ,2015-10-02 19:07:44,2015-10-02 19:08:26
Screen ,2015-10-02 19:00:25,2015-10-02 19:00:33
Screen ,2015-10-02 18:56:57,2015-10-02 18:56:59
Screen ,2015-10-02 18:56:24,2015-10-02 18:56:56
Screen ,2015-10-02 18:36:46,2015-10-02 18:42:24
Screen ,2015-10-02 18:29:44,2015-10-02 18:29:53
Screen ,2015-10-02 18:29:13,2015-10-02 18:29:38
Screen ,2015-10-02 18:23:33,2015-10-02 18:28:40
Screen ,2015-10-02 18:22:00,2015-10-02 18:22:37
Screen ,2015-10-02 18:11:53,2015-10-02 18:15:52
Screen ,2015-10-02 17:58:51,2015-10-02 17:59:37
Screen ,2015-10-02 17:58:31,2015-10-02 17:58:37
Home ,2015-10-02 17:41:03,2015-10-02 19:09:32
Screen ,2015-10-02 17:40:48,2015-10-02 17:41:03
Screen ,2015-10-02 17:00:13,2015-10-02 17:00:39
Screen ,2015-10-02 16:54:59,2015-10-02 16:55:06
Screen ,2015-10-02 16:53:37,2015-10-02 16:54:59
Home ,2015-10-02 16:52:28,2015-10-02 17:37:51
Driving,2015-10-02 16:48:29,2015-10-02 16:52:09
Screen ,2015-10-02 16:47:00,2015-10-02 16:47:06
Screen ,2015-10-02 16:45:22,2015-10-02 16:45:43
Screen ,2015-10-02 16:44:41,2015-10-02 16:44:49
Screen ,2015-10-02 16:43:01,2015-10-02 16:43:23
Screen ,2015-10-02 16:42:01,2015-10-02 16:42:25
Screen ,2015-10-02 16:39:16,2015-10-02 16:39:34
Screen ,2015-10-02 16:37:27,2015-10-02 16:37:39
Screen ,2015-10-02 16:35:01,2015-10-02 16:35:23
Screen ,2015-10-02 16:33:02,2015-10-02 16:33:27
Screen ,2015-10-02 16:31:19,2015-10-02 16:32:08
Screen ,2015-10-02 16:30:15,2015-10-02 16:30:36
Screen ,2015-10-02 16:29:43,2015-10-02 16:29:50
Screen ,2015-10-02 16:29:01,2015-10-02 16:29:15
Screen ,2015-10-02 16:27:19,2015-10-02 16:27:44
Screen ,2015-10-02 16:26:01,2015-10-02 16:26:39
Screen ,2015-10-02 16:22:23,2015-10-02 16:22:25
GYM,2015-10-02 16:21:15,2015-10-02 16:47:03
Screen ,2015-10-02 16:21:10,2015-10-02 16:21:17
Driving,2015-10-02 16:16:04,2015-10-02 16:20:16
Screen ,2015-10-02 16:09:32,2015-10-02 16:12:15
Home ,2015-10-02 16:07:29,2015-10-02 16:16:41
Screen ,2015-10-02 15:55:10,2015-10-02 15:55:32
Driving,2015-10-02 15:44:21,2015-10-02 16:06:43
Screen ,2015-10-02 14:55:05,2015-10-02 15:52:25
Screen ,2015-10-02 14:31:40,2015-10-02 14:48:10
Driving,2015-10-02 14:31:38,2015-10-02 14:48:40
Screen ,2015-10-02 14:28:20,2015-10-02 14:28:24
Screen ,2015-10-02 14:27:02,2015-10-02 14:27:10
Screen ,2015-10-02 13:21:37,2015-10-02 13:23:19
Screen ,2015-10-02 12:05:30,2015-10-02 12:06:41
Screen ,2015-10-02 11:58:44,2015-10-02 11:58:55
Screen ,2015-10-02 11:40:27,2015-10-02 11:40:40
Screen ,2015-10-02 11:32:04,2015-10-02 11:32:24
Screen ,2015-10-02 10:53:57,2015-10-02 10:54:05
Screen ,2015-10-02 10:51:40,2015-10-02 10:51:50
Screen ,2015-10-02 10:51:22,2015-10-02 10:51:39
Screen ,2015-10-02 10:45:35,2015-10-02 10:46:21
Screen ,2015-10-02 10:07:03,2015-10-02 10:07:07
Screen ,2015-10-02 10:06:32,2015-10-02 10:06:50
Screen ,2015-10-02 10:00:05,2015-10-02 10:00:26
Screen ,2015-10-02 09:55:05,2015-10-02 09:55:39
Screen ,2015-10-02 09:54:23,2015-10-02 09:54:49
Screen ,2015-10-02 09:46:31,2015-10-02 09:47:09
Screen ,2015-10-02 09:20:56,2015-10-02 09:21:04
Screen ,2015-10-02 08:55:01,2015-10-02 08:55:13
Screen ,2015-10-02 08:54:50,2015-10-02 08:55:00
Screen ,2015-10-02 08:42:40,2015-10-02 08:43:06
Screen ,2015-10-02 08:41:15,2015-10-02 08:41:15
WORK,2015-10-02 08:37:25,2015-10-02 14:27:06
Screen ,2015-10-02 08:37:17,2015-10-02 08:37:28
Screen ,2015-10-02 08:35:47,2015-10-02 08:35:57
Driving,2015-10-02 08:25:59,2015-10-02 08:35:26
Screen ,2015-10-02 08:14:59,2015-10-02 08:22:38
Screen ,2015-10-02 08:14:41,2015-10-02 08:14:57
Screen ,2015-10-02 08:14:19,2015-10-02 08:14:19
Screen ,2015-10-02 07:59:00,2015-10-02 08:12:57
Screen ,2015-10-02 07:54:49,2015-10-02 07:55:29
Screen ,2015-10-02 07:52:43,2015-10-02 07:53:33
Screen ,2015-10-02 07:32:26,2015-10-02 07:52:22
Screen ,2015-10-02 07:31:36,2015-10-02 07:32:23
Screen ,2015-10-02 07:30:00,2015-10-02 07:31:35
Screen ,2015-10-02 07:20:14,2015-10-02 07:20:21
Screen ,2015-10-02 07:20:01,2015-10-02 07:20:12
Screen ,2015-10-02 07:10:00,2015-10-02 07:10:14
Screen ,2015-10-02 07:00:10,2015-10-02 07:00:20
Screen ,2015-10-02 07:00:01,2015-10-02 07:00:09
Screen ,2015-10-02 06:38:31,2015-10-02 06:38:32
Screen ,2015-10-02 06:38:27,2015-10-02 06:38:29
Screen ,2015-10-02 05:43:31,2015-10-02 06:25:20
Screen ,2015-10-02 05:42:21,2015-10-02 05:43:30
Screen ,2015-10-02 05:36:28,2015-10-02 05:42:20
Screen ,2015-10-02 05:35:17,2015-10-02 05:36:27
Screen ,2015-10-02 05:30:02,2015-10-02 05:35:15
Screen ,2015-10-01 22:13:02,2015-10-01 22:47:52
Screen ,2015-10-01 21:46:38,2015-10-01 22:13:00
Screen ,2015-10-01 21:42:39,2015-10-01 21:46:37
Screen ,2015-10-01 21:42:05,2015-10-01 21:42:08
Screen ,2015-10-01 21:30:05,2015-10-01 21:30:09
Screen ,2015-10-01 21:25:44,2015-10-01 21:26:58
Screen ,2015-10-01 21:11:49,2015-10-01 21:12:06
Screen ,2015-10-01 21:04:39,2015-10-01 21:11:09
Screen ,2015-10-01 19:50:31,2015-10-01 19:51:04
Screen ,2015-10-01 18:32:44,2015-10-01 18:33:11
Screen ,2015-10-01 17:22:20,2015-10-01 17:37:59
Screen ,2015-10-01 17:15:43,2015-10-01 17:21:33
Home ,2015-10-01 17:10:55,2015-10-02 08:26:49
Home ,2015-10-01 17:07:09,2015-10-01 17:10:41
Screen ,2015-10-01 17:06:53,2015-10-01 17:07:59
Driving,2015-10-01 16:52:19,2015-10-01 17:06:47
Screen ,2015-10-01 16:50:14,2015-10-01 16:51:09
Screen ,2015-10-01 16:47:47,2015-10-01 16:48:18
Screen ,2015-10-01 16:45:46,2015-10-01 16:45:52
Screen ,2015-10-01 16:22:59,2015-10-01 16:23:11
Screen ,2015-10-01 16:21:43,2015-10-01 16:22:56
Screen ,2015-10-01 16:21:20,2015-10-01 16:21:23
Screen ,2015-10-01 16:19:18,2015-10-01 16:20:04
Screen ,2015-10-01 15:24:15,2015-10-01 15:24:46
Screen ,2015-10-01 14:33:26,2015-10-01 14:33:31
Screen ,2015-10-01 14:29:03,2015-10-01 14:29:46
Screen ,2015-10-01 13:30:15,2015-10-01 13:30:28
Screen ,2015-10-01 13:11:26,2015-10-01 13:11:31
Screen ,2015-10-01 13:11:06,2015-10-01 13:11:25
Screen ,2015-10-01 13:09:15,2015-10-01 13:09:24
Screen ,2015-10-01 13:00:16,2015-10-01 13:00:37
Screen ,2015-10-01 12:57:55,2015-10-01 12:58:35
Screen ,2015-10-01 12:40:27,2015-10-01 12:40:32
Screen ,2015-10-01 12:36:05,2015-10-01 12:36:42
Screen ,2015-10-01 12:28:47,2015-10-01 12:28:51
Screen ,2015-10-01 12:18:01,2015-10-01 12:18:18
Screen ,2015-10-01 12:17:35,2015-10-01 12:17:46
Screen ,2015-10-01 12:08:34,2015-10-01 12:08:39
Screen ,2015-10-01 12:04:54,2015-10-01 12:05:14
Screen ,2015-10-01 10:20:54,2015-10-01 10:21:08
Screen ,2015-10-01 09:17:02,2015-10-01 09:17:32
Screen ,2015-10-01 08:59:16,2015-10-01 09:00:21
Screen ,2015-10-01 08:53:23,2015-10-01 08:53:25
Screen ,2015-10-01 08:51:31,2015-10-01 08:51:57
Screen ,2015-10-01 08:51:12,2015-10-01 08:51:29
Screen ,2015-10-01 08:48:30,2015-10-01 08:48:39
WORK,2015-10-01 08:44:23,2015-10-01 16:45:51
Screen ,2015-10-01 08:44:15,2015-10-01 08:44:39
Screen ,2015-10-01 08:40:06,2015-10-01 08:40:21
Driving,2015-10-01 08:29:38,2015-10-01 08:42:09
Screen ,2015-10-01 08:25:42,2015-10-01 08:27:02
Screen ,2015-10-01 08:19:31,2015-10-01 08:20:10
Screen ,2015-10-01 08:07:11,2015-10-01 08:07:37
Screen ,2015-10-01 08:02:59,2015-10-01 08:04:47
Screen ,2015-10-01 07:52:35,2015-10-01 07:53:09
Screen ,2015-10-01 07:51:05,2015-10-01 07:51:42
Screen ,2015-10-01 07:50:14,2015-10-01 07:50:56
Screen ,2015-10-01 07:50:00,2015-10-01 07:50:11
Screen ,2015-10-01 07:40:01,2015-10-01 07:40:13
Screen ,2015-10-01 07:30:01,2015-10-01 07:30:10
Screen ,2015-10-01 07:20:00,2015-10-01 07:20:10
Screen ,2015-10-01 07:10:11,2015-10-01 07:10:23
Screen ,2015-10-01 07:10:01,2015-10-01 07:10:10
Screen ,2015-10-01 07:00:14,2015-10-01 07:00:28
Screen ,2015-10-01 07:00:01,2015-10-01 07:00:12
Screen ,2015-10-01 05:45:23,2015-10-01 06:24:32
Screen ,2015-10-01 05:36:39,2015-10-01 05:45:16
Screen ,2015-10-01 05:30:03,2015-10-01 05:34:59
Screen ,2015-10-01 00:02:53,2015-10-01 00:49:50
Screen ,2015-10-01 00:02:35,2015-10-01 00:02:42
Screen ,2015-10-01 00:01:34,2015-10-01 00:02:22
Screen ,2015-09-30 23:59:54,2015-10-01 00:01:33
Home ,2015-09-30 23:46:22,2015-10-01 08:30:21
Screen ,2015-09-30 23:46:06,2015-09-30 23:52:00
Screen ,2015-09-30 23:36:45,2015-09-30 23:36:47
Screen ,2015-09-30 23:29:55,2015-09-30 23:30:02
Driving,2015-09-30 23:29:05,2015-09-30 23:46:10
Driving,2015-09-30 23:18:26,2015-09-30 23:29:05
Screen ,2015-09-30 23:10:35,2015-09-30 23:11:08
Screen ,2015-09-30 23:10:11,2015-09-30 23:10:16
Screen ,2015-09-30 21:22:23,2015-09-30 21:22:25
Screen ,2015-09-30 21:20:15,2015-09-30 21:21:10
Screen ,2015-09-30 21:17:15,2015-09-30 21:17:48
Screen ,2015-09-30 21:15:01,2015-09-30 21:15:21
Screen ,2015-09-30 21:07:21,2015-09-30 21:07:33
Screen ,2015-09-30 21:03:12,2015-09-30 21:03:14
Driving,2015-09-30 20:58:51,2015-09-30 21:15:07
Screen ,2015-09-30 20:34:57,2015-09-30 20:57:53
Screen ,2015-09-30 20:34:57,2015-09-30 20:34:57
Screen ,2015-09-30 19:27:13,2015-09-30 19:27:15
Screen ,2015-09-30 19:26:56,2015-09-30 19:27:01
Screen ,2015-09-30 19:11:11,2015-09-30 19:24:27
Screen ,2015-09-30 18:50:25,2015-09-30 18:50:34
Screen ,2015-09-30 18:49:22,2015-09-30 18:50:24
Screen ,2015-09-30 18:48:28,2015-09-30 18:49:20
Screen ,2015-09-30 17:57:25,2015-09-30 17:58:04
Screen ,2015-09-30 17:53:33,2015-09-30 17:54:08
Home ,2015-09-30 17:53:33,2015-09-30 20:59:38
Screen ,2015-09-30 17:50:09,2015-09-30 17:50:27
Screen ,2015-09-30 17:46:41,2015-09-30 17:47:36
Screen ,2015-09-30 17:41:38,2015-09-30 17:41:58
Screen ,2015-09-30 17:39:25,2015-09-30 17:39:47
Driving,2015-09-30 17:37:46,2015-09-30 17:53:38
Screen ,2015-09-30 17:35:30,2015-09-30 17:36:23
Screen ,2015-09-30 17:27:25,2015-09-30 17:27:40
Screen ,2015-09-30 16:47:30,2015-09-30 16:49:52
Screen ,2015-09-30 16:35:23,2015-09-30 16:36:27
Screen ,2015-09-30 16:08:14,2015-09-30 16:08:18
Screen ,2015-09-30 15:59:02,2015-09-30 15:59:11
Screen ,2015-09-30 15:58:54,2015-09-30 15:59:00
Screen ,2015-09-30 15:57:59,2015-09-30 15:58:51
Screen ,2015-09-30 15:51:28,2015-09-30 15:52:31
Screen ,2015-09-30 15:50:07,2015-09-30 15:51:23
Screen ,2015-09-30 15:48:26,2015-09-30 15:49:51
Screen ,2015-09-30 15:43:21,2015-09-30 15:48:15
Screen ,2015-09-30 15:40:57,2015-09-30 15:41:04
Screen ,2015-09-30 15:40:21,2015-09-30 15:40:25
Screen ,2015-09-30 15:35:34,2015-09-30 15:35:43
Screen ,2015-09-30 15:22:00,2015-09-30 15:22:06
Screen ,2015-09-30 15:21:29,2015-09-30 15:21:32
Screen ,2015-09-30 15:21:01,2015-09-30 15:21:16
Screen ,2015-09-30 15:05:11,2015-09-30 15:05:23
Screen ,2015-09-30 14:21:31,2015-09-30 14:21:52
Screen ,2015-09-30 13:52:43,2015-09-30 13:52:58
Screen ,2015-09-30 12:33:15,2015-09-30 12:33:25
Screen ,2015-09-30 12:07:17,2015-09-30 12:07:21
Screen ,2015-09-30 12:05:53,2015-09-30 12:06:07
Screen ,2015-09-30 11:57:06,2015-09-30 12:00:24
Screen ,2015-09-30 11:55:48,2015-09-30 11:56:40
Screen ,2015-09-30 11:55:06,2015-09-30 11:55:26
Screen ,2015-09-30 11:35:46,2015-09-30 11:36:22
Screen ,2015-09-30 11:33:37,2015-09-30 11:34:53
Screen ,2015-09-30 11:01:08,2015-09-30 11:03:07
Screen ,2015-09-30 09:48:37,2015-09-30 09:51:16
Screen ,2015-09-30 09:31:53,2015-09-30 09:32:13
Screen ,2015-09-30 09:29:04,2015-09-30 09:29:17
Screen ,2015-09-30 09:27:08,2015-09-30 09:27:22
Screen ,2015-09-30 09:23:00,2015-09-30 09:23:46
Screen ,2015-09-30 09:22:05,2015-09-30 09:22:24
Screen ,2015-09-30 09:20:42,2015-09-30 09:21:28
Screen ,2015-09-30 09:19:07,2015-09-30 09:19:51
Screen ,2015-09-30 09:18:46,2015-09-30 09:18:50
Screen ,2015-09-30 09:16:56,2015-09-30 09:18:18
Screen ,2015-09-30 09:14:43,2015-09-30 09:15:32
Screen ,2015-09-30 09:11:58,2015-09-30 09:13:00
Screen ,2015-09-30 08:39:01,2015-09-30 08:39:59
WORK,2015-09-30 08:30:03,2015-09-30 17:35:36
Screen ,2015-09-30 08:29:59,2015-09-30 08:30:11
Screen ,2015-09-30 08:27:07,2015-09-30 08:27:20
Screen ,2015-09-30 08:15:26,2015-09-30 08:15:49
Driving,2015-09-30 08:12:40,2015-09-30 08:27:10
Screen ,2015-09-30 08:12:38,2015-09-30 08:12:45
Home ,2015-09-30 08:09:16,2015-09-30 08:13:12
Screen ,2015-09-30 08:08:50,2015-09-30 08:08:58
Screen ,2015-09-30 08:06:49,2015-09-30 08:06:55
Screen ,2015-09-30 08:05:13,2015-09-30 08:05:31
Screen ,2015-09-30 08:04:46,2015-09-30 08:05:05
Screen ,2015-09-30 08:04:28,2015-09-30 08:04:45
Screen ,2015-09-30 08:03:41,2015-09-30 08:04:17
Screen ,2015-09-30 08:01:59,2015-09-30 08:02:29
Screen ,2015-09-30 07:58:28,2015-09-30 07:58:48
Driving,2015-09-30 07:57:32,2015-09-30 08:08:54
Screen ,2015-09-30 07:57:21,2015-09-30 07:57:49
Screen ,2015-09-30 07:53:23,2015-09-30 07:53:36
Screen ,2015-09-30 07:39:19,2015-09-30 07:39:41
Screen ,2015-09-30 07:37:06,2015-09-30 07:38:05
GYM,2015-09-30 07:35:56,2015-09-30 07:35:59
Screen ,2015-09-30 07:35:49,2015-09-30 07:36:35
Screen ,2015-09-30 07:35:25,2015-09-30 07:35:48
Screen ,2015-09-30 07:33:57,2015-09-30 07:34:13
Screen ,2015-09-30 07:30:52,2015-09-30 07:31:16
Screen ,2015-09-30 07:28:43,2015-09-30 07:29:04
Screen ,2015-09-30 07:27:14,2015-09-30 07:27:34
Screen ,2015-09-30 07:23:57,2015-09-30 07:24:18
Screen ,2015-09-30 07:21:49,2015-09-30 07:22:05
Screen ,2015-09-30 07:18:50,2015-09-30 07:18:58
Screen ,2015-09-30 07:18:34,2015-09-30 07:18:48
Screen ,2015-09-30 07:16:25,2015-09-30 07:16:46
Screen ,2015-09-30 07:12:52,2015-09-30 07:13:05
Screen ,2015-09-30 07:10:46,2015-09-30 07:11:01
Screen ,2015-09-30 07:09:23,2015-09-30 07:09:47
Screen ,2015-09-30 07:05:41,2015-09-30 07:05:57
Screen ,2015-09-30 07:04:39,2015-09-30 07:04:58
Screen ,2015-09-30 07:02:42,2015-09-30 07:03:07
Screen ,2015-09-30 07:00:22,2015-09-30 07:00:52
Screen ,2015-09-30 06:56:54,2015-09-30 06:57:14
Screen ,2015-09-30 06:55:13,2015-09-30 06:55:28
Screen ,2015-09-30 06:50:00,2015-09-30 06:51:08
Screen ,2015-09-30 06:48:39,2015-09-30 06:48:53
Screen ,2015-09-30 06:46:29,2015-09-30 06:46:47
Screen ,2015-09-30 06:43:31,2015-09-30 06:43:35
Screen ,2015-09-30 06:41:40,2015-09-30 06:42:17
GYM,2015-09-30 06:36:10,2015-09-30 07:35:55
Screen ,2015-09-30 06:36:07,2015-09-30 06:36:30
GYM,2015-09-30 06:35:40,2015-09-30 06:36:08
Screen ,2015-09-30 06:34:57,2015-09-30 06:36:02
Screen ,2015-09-30 06:33:22,2015-09-30 06:33:37
Driving,2015-09-30 06:29:39,2015-09-30 06:33:26
Screen ,2015-09-30 06:29:37,2015-09-30 06:29:50
Screen ,2015-09-30 06:27:13,2015-09-30 06:27:13
Screen ,2015-09-30 06:11:36,2015-09-30 06:21:57
Screen ,2015-09-30 06:09:35,2015-09-30 06:09:49
Screen ,2015-09-30 06:04:23,2015-09-30 06:04:29
Screen ,2015-09-30 06:01:58,2015-09-30 06:03:25
Screen ,2015-09-30 05:33:50,2015-09-30 05:51:58
Screen ,2015-09-30 05:30:03,2015-09-30 05:33:49
Screen ,2015-09-29 23:29:45,2015-09-29 23:38:18
Screen ,2015-09-29 23:06:10,2015-09-29 23:28:38
Screen ,2015-09-29 23:05:27,2015-09-29 23:06:01
Screen ,2015-09-29 23:03:19,2015-09-29 23:03:39
Screen ,2015-09-29 22:53:55,2015-09-29 23:03:18
Screen ,2015-09-29 22:22:58,2015-09-29 22:53:51
Screen ,2015-09-29 22:20:45,2015-09-29 22:22:57
Screen ,2015-09-29 22:19:45,2015-09-29 22:20:44
Screen ,2015-09-29 21:47:21,2015-09-29 22:19:44
Screen ,2015-09-29 21:46:59,2015-09-29 21:47:16
Screen ,2015-09-29 21:04:04,2015-09-29 21:04:56
Screen ,2015-09-29 20:22:11,2015-09-29 20:23:42
Screen ,2015-09-29 20:18:38,2015-09-29 20:18:45
Screen ,2015-09-29 19:28:47,2015-09-29 19:29:45
Screen ,2015-09-29 18:28:35,2015-09-29 18:44:20
Screen ,2015-09-29 18:19:43,2015-09-29 18:20:45
Screen ,2015-09-29 17:58:18,2015-09-29 17:59:43
Screen ,2015-09-29 17:57:59,2015-09-29 17:58:10
Screen ,2015-09-29 17:28:15,2015-09-29 17:29:08
Screen ,2015-09-29 16:59:03,2015-09-29 17:08:17
Screen ,2015-09-29 16:58:18,2015-09-29 16:58:34
Screen ,2015-09-29 16:53:38,2015-09-29 16:54:44
Home ,2015-09-29 16:50:21,2015-09-30 06:30:42
Screen ,2015-09-29 16:50:03,2015-09-29 16:50:11
Screen ,2015-09-29 16:39:11,2015-09-29 16:39:46
Screen ,2015-09-29 16:38:09,2015-09-29 16:38:34
Screen ,2015-09-29 16:36:51,2015-09-29 16:36:54
Screen ,2015-09-29 16:36:31,2015-09-29 16:36:35
Driving,2015-09-29 16:35:18,2015-09-29 16:50:05
Screen ,2015-09-29 16:33:07,2015-09-29 16:33:09
Screen ,2015-09-29 16:32:44,2015-09-29 16:33:07
Screen ,2015-09-29 16:31:00,2015-09-29 16:31:09
Screen ,2015-09-29 15:55:29,2015-09-29 15:55:46
Screen ,2015-09-29 15:55:12,2015-09-29 15:55:23
Screen ,2015-09-29 15:54:18,2015-09-29 15:54:33
Screen ,2015-09-29 15:50:43,2015-09-29 15:52:56
Screen ,2015-09-29 12:17:45,2015-09-29 12:18:01
Screen ,2015-09-29 11:40:34,2015-09-29 11:40:58
Screen ,2015-09-29 10:57:16,2015-09-29 10:57:24
Screen ,2015-09-29 10:49:28,2015-09-29 10:49:32
Screen ,2015-09-29 10:45:27,2015-09-29 10:45:43
Screen ,2015-09-29 10:09:34,2015-09-29 10:10:26
Screen ,2015-09-29 10:09:28,2015-09-29 10:09:33
Screen ,2015-09-29 09:00:44,2015-09-29 09:00:54
Screen ,2015-09-29 08:57:43,2015-09-29 08:57:49
Screen ,2015-09-29 08:54:33,2015-09-29 08:54:56
Screen ,2015-09-29 08:24:30,2015-09-29 08:24:38
Screen ,2015-09-29 08:24:21,2015-09-29 08:24:29
Screen ,2015-09-29 08:23:56,2015-09-29 08:24:11
Screen ,2015-09-29 08:23:24,2015-09-29 08:23:51
Screen ,2015-09-29 07:43:52,2015-09-29 07:43:57
WORK,2015-09-29 07:31:12,2015-09-29 16:32:53
Screen ,2015-09-29 07:31:08,2015-09-29 07:31:19
Screen ,2015-09-29 07:29:35,2015-09-29 07:30:27
Driving,2015-09-29 07:18:58,2015-09-29 07:27:50
Screen ,2015-09-29 06:56:25,2015-09-29 06:56:31
Screen ,2015-09-29 06:56:04,2015-09-29 06:56:16
Screen ,2015-09-29 06:49:23,2015-09-29 06:49:39
Screen ,2015-09-29 06:46:43,2015-09-29 06:46:54
Screen ,2015-09-29 06:32:02,2015-09-29 06:32:49
Sportrock,2015-09-29 06:25:45,2015-09-29 06:56:28
Screen ,2015-09-29 06:25:24,2015-09-29 06:25:50
Screen ,2015-09-29 06:24:36,2015-09-29 06:24:37
Screen ,2015-09-29 06:23:37,2015-09-29 06:23:43
Screen ,2015-09-29 06:22:29,2015-09-29 06:23:31
Home ,2015-09-29 06:14:08,2015-09-29 06:14:27
Screen ,2015-09-29 06:14:00,2015-09-29 06:14:01
Driving,2015-09-29 06:13:55,2015-09-29 06:21:45
Driving,2015-09-29 06:13:25,2015-09-29 06:13:55
Screen ,2015-09-29 06:11:26,2015-09-29 06:11:28
Screen ,2015-09-29 06:06:25,2015-09-29 06:08:13
Screen ,2015-09-29 06:04:32,2015-09-29 06:06:24
Screen ,2015-09-29 06:03:04,2015-09-29 06:04:30
Screen ,2015-09-29 06:01:10,2015-09-29 06:01:32
Screen ,2015-09-29 05:47:12,2015-09-29 05:57:46
Screen ,2015-09-29 05:44:24,2015-09-29 05:47:11
Screen ,2015-09-29 05:39:20,2015-09-29 05:44:23
Screen ,2015-09-29 05:38:25,2015-09-29 05:39:20
Screen ,2015-09-29 05:37:45,2015-09-29 05:38:25
Screen ,2015-09-29 05:36:09,2015-09-29 05:37:44
Screen ,2015-09-29 05:35:51,2015-09-29 05:36:08
Screen ,2015-09-29 05:30:03,2015-09-29 05:35:46
Home ,2015-09-28 22:10:15,2015-09-29 06:13:50
Screen ,2015-09-28 21:47:39,2015-09-28 21:50:24
Screen ,2015-09-28 21:46:45,2015-09-28 21:47:34
Screen ,2015-09-28 21:39:02,2015-09-28 21:39:06
Home ,2015-09-28 21:36:33,2015-09-28 22:10:00
Screen ,2015-09-28 21:36:21,2015-09-28 21:38:55
Driving,2015-09-28 21:17:16,2015-09-28 21:36:26
Screen ,2015-09-28 21:16:56,2015-09-28 21:24:52
Driving,2015-09-28 21:16:55,2015-09-28 21:17:13
Screen ,2015-09-28 21:16:24,2015-09-28 21:16:50
Screen ,2015-09-28 21:14:39,2015-09-28 21:15:00
Screen ,2015-09-28 21:08:49,2015-09-28 21:10:51
Screen ,2015-09-28 20:50:43,2015-09-28 20:51:07
Screen ,2015-09-28 20:43:59,2015-09-28 20:44:10
Screen ,2015-09-28 20:37:43,2015-09-28 20:37:51
Screen ,2015-09-28 20:29:06,2015-09-28 20:29:11
Screen ,2015-09-28 20:27:25,2015-09-28 20:27:58
Screen ,2015-09-28 20:21:55,2015-09-28 20:22:04
Screen ,2015-09-28 20:12:25,2015-09-28 20:13:17
Screen ,2015-09-28 20:10:16,2015-09-28 20:11:13
Screen ,2015-09-28 20:08:17,2015-09-28 20:09:20
Screen ,2015-09-28 20:07:28,2015-09-28 20:08:11
Screen ,2015-09-28 20:02:07,2015-09-28 20:06:44
Screen ,2015-09-28 20:00:56,2015-09-28 20:01:29
Screen ,2015-09-28 19:58:44,2015-09-28 20:00:34
Screen ,2015-09-28 19:02:57,2015-09-28 19:04:24
Screen ,2015-09-28 18:59:24,2015-09-28 18:59:26
Screen ,2015-09-28 18:58:55,2015-09-28 18:59:11
Screen ,2015-09-28 18:57:45,2015-09-28 18:58:00
Driving,2015-09-28 18:38:27,2015-09-28 18:57:48
Screen ,2015-09-28 18:34:58,2015-09-28 18:56:55
Screen ,2015-09-28 18:32:05,2015-09-28 18:34:50
Screen ,2015-09-28 18:30:44,2015-09-28 18:31:55
Driving,2015-09-28 18:30:25,2015-09-28 18:35:02
Screen ,2015-09-28 18:30:00,2015-09-28 18:30:42
Screen ,2015-09-28 18:13:58,2015-09-28 18:29:23
Screen ,2015-09-28 17:53:04,2015-09-28 18:11:30
Screen ,2015-09-28 17:47:11,2015-09-28 17:48:25
Screen ,2015-09-28 17:42:51,2015-09-28 17:43:28
Screen ,2015-09-28 17:42:20,2015-09-28 17:42:34
Screen ,2015-09-28 17:40:38,2015-09-28 17:40:41
Home ,2015-09-28 17:38:30,2015-09-28 18:31:52
Screen ,2015-09-28 17:38:00,2015-09-28 17:38:31
Screen ,2015-09-28 17:37:48,2015-09-28 17:37:56
Driving,2015-09-28 17:33:16,2015-09-28 17:37:52
Screen ,2015-09-28 17:33:16,2015-09-28 17:33:26
Screen ,2015-09-28 17:31:06,2015-09-28 17:31:26
Screen ,2015-09-28 17:29:33,2015-09-28 17:29:39
Screen ,2015-09-28 17:27:38,2015-09-28 17:28:02
Screen ,2015-09-28 17:23:44,2015-09-28 17:24:10
Screen ,2015-09-28 17:22:38,2015-09-28 17:22:53
Screen ,2015-09-28 17:19:41,2015-09-28 17:20:04
Screen ,2015-09-28 17:18:38,2015-09-28 17:19:23
Screen ,2015-09-28 17:09:36,2015-09-28 17:09:37
GYM,2015-09-28 17:08:40,2015-09-28 17:31:21
Screen ,2015-09-28 17:08:31,2015-09-28 17:08:42
Screen ,2015-09-28 17:03:50,2015-09-28 17:03:59
Screen ,2015-09-28 16:59:29,2015-09-28 16:59:36
Driving,2015-09-28 16:56:27,2015-09-28 17:03:54
Screen ,2015-09-28 16:54:36,2015-09-28 16:54:57
Screen ,2015-09-28 16:53:40,2015-09-28 16:53:50
Screen ,2015-09-28 16:53:22,2015-09-28 16:53:39
Screen ,2015-09-28 16:42:02,2015-09-28 16:45:52
Screen ,2015-09-28 14:46:48,2015-09-28 14:47:32
Screen ,2015-09-28 14:10:43,2015-09-28 14:11:21
Screen ,2015-09-28 13:53:27,2015-09-28 13:53:53
Screen ,2015-09-28 13:45:29,2015-09-28 13:45:55
Screen ,2015-09-28 13:44:37,2015-09-28 13:44:41
Screen ,2015-09-28 13:41:47,2015-09-28 13:43:04
Screen ,2015-09-28 13:38:35,2015-09-28 13:38:52
Screen ,2015-09-28 13:36:10,2015-09-28 13:36:48
Screen ,2015-09-28 13:29:16,2015-09-28 13:33:18
Screen ,2015-09-28 13:28:33,2015-09-28 13:28:40
Screen ,2015-09-28 13:26:27,2015-09-28 13:26:42
Screen ,2015-09-28 12:56:28,2015-09-28 12:56:48
Screen ,2015-09-28 12:43:51,2015-09-28 12:43:58
Screen ,2015-09-28 12:43:41,2015-09-28 12:43:46
Screen ,2015-09-28 12:41:23,2015-09-28 12:41:56
Screen ,2015-09-28 11:51:17,2015-09-28 11:51:40
Screen ,2015-09-28 11:33:25,2015-09-28 11:33:50
Screen ,2015-09-28 11:23:57,2015-09-28 11:24:23
Screen ,2015-09-28 11:21:38,2015-09-28 11:21:53
Screen ,2015-09-28 11:10:39,2015-09-28 11:10:44
Screen ,2015-09-28 11:09:27,2015-09-28 11:09:35
Screen ,2015-09-28 10:59:06,2015-09-28 10:59:12
Screen ,2015-09-28 10:58:20,2015-09-28 10:58:58
Screen ,2015-09-28 10:42:47,2015-09-28 10:42:53
Screen ,2015-09-28 10:31:47,2015-09-28 10:32:05
Screen ,2015-09-28 10:25:34,2015-09-28 10:25:43
Screen ,2015-09-28 10:23:40,2015-09-28 10:25:10
Screen ,2015-09-28 10:21:04,2015-09-28 10:21:14
Screen ,2015-09-28 10:18:22,2015-09-28 10:18:41
Screen ,2015-09-28 09:05:34,2015-09-28 09:05:40
Screen ,2015-09-28 09:03:15,2015-09-28 09:03:25
Screen ,2015-09-28 09:01:46,2015-09-28 09:02:12
Screen ,2015-09-28 09:00:29,2015-09-28 09:01:03
WORK,2015-09-28 08:54:42,2015-09-28 16:53:44
Screen ,2015-09-28 08:54:35,2015-09-28 08:55:30
Screen ,2015-09-28 08:51:09,2015-09-28 08:51:33
Driving,2015-09-28 08:39:42,2015-09-28 08:51:13
Screen ,2015-09-28 08:39:34,2015-09-28 08:39:53
Screen ,2015-09-28 08:33:45,2015-09-28 08:33:49
Screen ,2015-09-28 08:31:21,2015-09-28 08:32:19
Screen ,2015-09-28 08:16:51,2015-09-28 08:17:52
Screen ,2015-09-28 08:14:09,2015-09-28 08:15:17
Home ,2015-09-28 08:03:27,2015-09-28 08:40:30
Screen ,2015-09-28 08:03:23,2015-09-28 08:04:35
Screen ,2015-09-28 08:01:23,2015-09-28 08:01:28
Screen ,2015-09-28 07:58:24,2015-09-28 08:00:42
Screen ,2015-09-28 07:56:53,2015-09-28 07:58:24
Screen ,2015-09-28 07:52:54,2015-09-28 07:56:52
Screen ,2015-09-28 07:47:02,2015-09-28 07:47:19
Screen ,2015-09-28 07:38:47,2015-09-28 07:42:02
Screen ,2015-09-28 07:36:34,2015-09-28 07:38:46
Screen ,2015-09-28 07:33:18,2015-09-28 07:36:31
Screen ,2015-09-28 07:30:36,2015-09-28 07:31:57
Screen ,2015-09-28 07:30:07,2015-09-28 07:30:36
Screen ,2015-09-28 07:30:01,2015-09-28 07:30:07
Screen ,2015-09-28 07:20:01,2015-09-28 07:20:10
Screen ,2015-09-28 07:10:01,2015-09-28 07:10:17
Screen ,2015-09-28 07:00:01,2015-09-28 07:00:23
Screen ,2015-09-28 05:45:11,2015-09-28 05:45:41
Screen ,2015-09-28 05:37:44,2015-09-28 05:41:00
Screen ,2015-09-28 05:30:03,2015-09-28 05:37:44
Screen ,2015-09-27 23:00:20,2015-09-27 23:01:27
Screen ,2015-09-27 22:18:33,2015-09-27 22:44:24
Screen ,2015-09-27 22:18:26,2015-09-27 22:18:32
Screen ,2015-09-27 22:17:00,2015-09-27 22:17:00
Screen ,2015-09-27 22:15:03,2015-09-27 22:16:54
Home ,2015-09-27 22:09:47,2015-09-28 07:56:53
Screen ,2015-09-27 22:06:19,2015-09-27 22:06:33
Screen ,2015-09-27 22:01:32,2015-09-27 22:01:32
Screen ,2015-09-27 21:50:13,2015-09-27 21:50:44
Screen ,2015-09-27 21:34:07,2015-09-27 21:41:51
Screen ,2015-09-27 21:33:48,2015-09-27 21:34:06
Screen ,2015-09-27 21:24:14,2015-09-27 21:26:49
Home ,2015-09-27 21:21:39,2015-09-27 22:04:57
Screen ,2015-09-27 21:21:25,2015-09-27 21:22:10
Screen ,2015-09-27 21:03:23,2015-09-27 21:03:41
Screen ,2015-09-27 21:02:59,2015-09-27 21:03:13
Driving,2015-09-27 21:02:06,2015-09-27 21:21:39
Driving,2015-09-27 21:01:05,2015-09-27 21:02:06
Screen ,2015-09-27 21:00:49,2015-09-27 21:02:08
Screen ,2015-09-27 21:00:20,2015-09-27 21:00:25
Screen ,2015-09-27 20:52:02,2015-09-27 20:58:16
Screen ,2015-09-27 20:50:46,2015-09-27 20:51:56
Screen ,2015-09-27 20:45:38,2015-09-27 20:47:10
Screen ,2015-09-27 20:44:46,2015-09-27 20:45:22
Screen ,2015-09-27 20:41:12,2015-09-27 20:42:12
Screen ,2015-09-27 20:39:40,2015-09-27 20:39:41
Screen ,2015-09-27 20:39:11,2015-09-27 20:39:17
Screen ,2015-09-27 20:35:58,2015-09-27 20:36:47
Screen ,2015-09-27 20:35:37,2015-09-27 20:35:54
Screen ,2015-09-27 20:34:45,2015-09-27 20:35:10
Screen ,2015-09-27 20:33:38,2015-09-27 20:34:35
Screen ,2015-09-27 20:33:09,2015-09-27 20:33:33
Screen ,2015-09-27 20:29:55,2015-09-27 20:31:36
Screen ,2015-09-27 17:42:27,2015-09-27 17:42:49
Screen ,2015-09-27 17:39:54,2015-09-27 17:40:00
Screen ,2015-09-27 17:36:54,2015-09-27 17:37:00
Screen ,2015-09-27 17:35:49,2015-09-27 17:36:13
Screen ,2015-09-27 17:34:53,2015-09-27 17:35:08
Screen ,2015-09-27 17:30:04,2015-09-27 17:30:19
Screen ,2015-09-27 17:22:22,2015-09-27 17:23:29
Screen ,2015-09-27 17:19:56,2015-09-27 17:21:32
Screen ,2015-09-27 17:19:30,2015-09-27 17:19:52
Screen ,2015-09-27 17:17:47,2015-09-27 17:18:24
Screen ,2015-09-27 17:16:37,2015-09-27 17:17:06
Screen ,2015-09-27 17:10:53,2015-09-27 17:16:10
Screen ,2015-09-27 17:07:26,2015-09-27 17:10:30
Screen ,2015-09-27 16:52:02,2015-09-27 16:57:45
Screen ,2015-09-27 16:51:28,2015-09-27 16:51:38
Screen ,2015-09-27 16:50:33,2015-09-27 16:50:48
Screen ,2015-09-27 16:49:01,2015-09-27 16:49:44
Screen ,2015-09-27 16:47:57,2015-09-27 16:48:03
Screen ,2015-09-27 16:46:46,2015-09-27 16:47:33
Screen ,2015-09-27 16:42:05,2015-09-27 16:43:01
Screen ,2015-09-27 16:27:59,2015-09-27 16:28:04
Screen ,2015-09-27 16:22:18,2015-09-27 16:22:50
Screen ,2015-09-27 16:20:18,2015-09-27 16:20:23
Screen ,2015-09-27 16:20:07,2015-09-27 16:20:17
Screen ,2015-09-27 16:02:33,2015-09-27 16:02:41
Screen ,2015-09-27 16:00:37,2015-09-27 16:01:30
Screen ,2015-09-27 15:58:55,2015-09-27 15:58:59
Screen ,2015-09-27 15:51:10,2015-09-27 15:51:20
Screen ,2015-09-27 15:45:43,2015-09-27 15:45:47
Screen ,2015-09-27 15:45:27,2015-09-27 15:45:32
Screen ,2015-09-27 15:43:05,2015-09-27 15:43:23
Screen ,2015-09-27 15:40:19,2015-09-27 15:41:05
Screen ,2015-09-27 15:36:27,2015-09-27 15:39:25
Screen ,2015-09-27 15:33:34,2015-09-27 15:34:37
Screen ,2015-09-27 15:32:21,2015-09-27 15:32:26
Screen ,2015-09-27 15:27:57,2015-09-27 15:28:28
Screen ,2015-09-27 15:22:23,2015-09-27 15:22:45
Screen ,2015-09-27 15:19:54,2015-09-27 15:19:59
Screen ,2015-09-27 15:12:09,2015-09-27 15:12:25
Screen ,2015-09-27 15:11:20,2015-09-27 15:12:03
Screen ,2015-09-27 15:10:08,2015-09-27 15:10:09
Screen ,2015-09-27 15:08:47,2015-09-27 15:09:17
Screen ,2015-09-27 15:07:02,2015-09-27 15:07:09
Screen ,2015-09-27 15:04:36,2015-09-27 15:05:29
Screen ,2015-09-27 15:01:39,2015-09-27 15:02:16
Screen ,2015-09-27 14:53:08,2015-09-27 14:55:29
Screen ,2015-09-27 14:52:54,2015-09-27 14:53:05
Screen ,2015-09-27 14:51:09,2015-09-27 14:51:49
Screen ,2015-09-27 14:50:33,2015-09-27 14:50:47
Screen ,2015-09-27 14:46:07,2015-09-27 14:46:48
Screen ,2015-09-27 14:42:44,2015-09-27 14:43:11
Screen ,2015-09-27 14:41:54,2015-09-27 14:42:43
Screen ,2015-09-27 14:37:59,2015-09-27 14:41:53
Screen ,2015-09-27 14:36:01,2015-09-27 14:36:51
Screen ,2015-09-27 14:34:36,2015-09-27 14:36:00
Screen ,2015-09-27 14:29:05,2015-09-27 14:34:35
Screen ,2015-09-27 10:44:58,2015-09-27 10:45:03
Screen ,2015-09-27 10:37:37,2015-09-27 10:37:48
Screen ,2015-09-27 10:35:16,2015-09-27 10:36:43
Screen ,2015-09-27 10:27:42,2015-09-27 10:35:16
Screen ,2015-09-27 10:25:41,2015-09-27 10:25:57
Screen ,2015-09-27 10:25:05,2015-09-27 10:25:12
Screen ,2015-09-27 10:24:23,2015-09-27 10:25:04
Screen ,2015-09-27 10:15:16,2015-09-27 10:15:28
Screen ,2015-09-27 10:13:21,2015-09-27 10:14:48
Screen ,2015-09-27 10:11:41,2015-09-27 10:12:04
Screen ,2015-09-27 10:11:04,2015-09-27 10:11:33
Screen ,2015-09-27 10:09:07,2015-09-27 10:09:22
Screen ,2015-09-27 10:04:51,2015-09-27 10:06:06
Screen ,2015-09-27 10:03:59,2015-09-27 10:04:05
Screen ,2015-09-27 10:03:19,2015-09-27 10:03:50
Screen ,2015-09-27 10:02:56,2015-09-27 10:03:08
Screen ,2015-09-27 10:01:29,2015-09-27 10:02:35
Screen ,2015-09-27 10:00:07,2015-09-27 10:00:31
Screen ,2015-09-27 09:55:18,2015-09-27 09:55:31
Screen ,2015-09-27 09:53:25,2015-09-27 09:53:52
Screen ,2015-09-27 09:52:21,2015-09-27 09:52:35
Screen ,2015-09-27 09:51:49,2015-09-27 09:52:05
Screen ,2015-09-27 09:51:23,2015-09-27 09:51:28
Screen ,2015-09-27 09:50:29,2015-09-27 09:50:34
Screen ,2015-09-27 09:44:22,2015-09-27 09:46:11
Screen ,2015-09-27 09:43:14,2015-09-27 09:43:28
Screen ,2015-09-27 09:38:45,2015-09-27 09:43:14
Screen ,2015-09-27 09:37:05,2015-09-27 09:38:16
Screen ,2015-09-27 09:36:25,2015-09-27 09:37:05
Screen ,2015-09-27 09:25:30,2015-09-27 09:36:21
Screen ,2015-09-27 09:22:27,2015-09-27 09:24:19
Screen ,2015-09-27 09:11:36,2015-09-27 09:11:42
Screen ,2015-09-27 09:07:59,2015-09-27 09:08:10
Screen ,2015-09-27 09:05:48,2015-09-27 09:06:20
Screen ,2015-09-27 09:03:11,2015-09-27 09:03:41
Driving,2015-09-27 09:00:19,2015-09-27 09:25:34
Screen ,2015-09-27 09:00:09,2015-09-27 09:00:38
Screen ,2015-09-27 08:58:36,2015-09-27 08:58:54
Screen ,2015-09-27 08:42:32,2015-09-27 08:58:21
Screen ,2015-09-27 08:31:45,2015-09-27 08:40:01
Screen ,2015-09-27 08:29:50,2015-09-27 08:30:50
Screen ,2015-09-27 08:18:37,2015-09-27 08:29:46
Screen ,2015-09-27 08:16:34,2015-09-27 08:18:27
Screen ,2015-09-27 08:15:05,2015-09-27 08:15:54
Screen ,2015-09-27 08:12:49,2015-09-27 08:13:22
Screen ,2015-09-27 08:07:03,2015-09-27 08:08:44
Driving,2015-09-27 08:03:04,2015-09-27 08:06:00
Screen ,2015-09-27 08:02:32,2015-09-27 08:02:59
Screen ,2015-09-27 08:01:42,2015-09-27 08:02:18
Screen ,2015-09-27 08:01:11,2015-09-27 08:01:18
Screen ,2015-09-27 07:59:28,2015-09-27 07:59:53
Screen ,2015-09-27 07:57:53,2015-09-27 07:58:11
Screen ,2015-09-27 07:55:55,2015-09-27 07:56:10
Screen ,2015-09-27 07:54:19,2015-09-27 07:54:33
Screen ,2015-09-27 07:52:31,2015-09-27 07:53:01
Screen ,2015-09-27 07:51:20,2015-09-27 07:51:46
Screen ,2015-09-27 07:48:44,2015-09-27 07:48:53
Screen ,2015-09-27 07:47:11,2015-09-27 07:48:08
Screen ,2015-09-27 07:45:46,2015-09-27 07:45:55
Screen ,2015-09-27 07:43:33,2015-09-27 07:45:10
Screen ,2015-09-27 07:40:24,2015-09-27 07:40:59
Screen ,2015-09-27 07:38:35,2015-09-27 07:38:57
Screen ,2015-09-27 07:37:35,2015-09-27 07:37:37
GYM,2015-09-27 07:36:31,2015-09-27 08:02:46
Screen ,2015-09-27 07:36:15,2015-09-27 07:36:33
Home ,2015-09-27 07:33:54,2015-09-27 09:01:00
Screen ,2015-09-27 07:32:30,2015-09-27 07:33:16
Driving,2015-09-27 07:32:04,2015-09-27 07:36:19
Screen ,2015-09-27 07:32:03,2015-09-27 07:32:13
Screen ,2015-09-27 07:29:56,2015-09-27 07:30:05
Screen ,2015-09-27 07:26:34,2015-09-27 07:26:59
Screen ,2015-09-27 07:25:47,2015-09-27 07:26:33
Screen ,2015-09-27 07:23:51,2015-09-27 07:25:14
Screen ,2015-09-27 07:23:29,2015-09-27 07:23:46
Screen ,2015-09-27 07:20:13,2015-09-27 07:20:30
Screen ,2015-09-27 07:11:09,2015-09-27 07:19:43
Screen ,2015-09-27 07:00:33,2015-09-27 07:10:33
Screen ,2015-09-27 06:58:53,2015-09-27 06:59:50
Screen ,2015-09-27 06:46:22,2015-09-27 06:58:37
Screen ,2015-09-27 06:41:07,2015-09-27 06:46:03
Screen ,2015-09-27 06:40:55,2015-09-27 06:40:56
Screen ,2015-09-27 06:34:59,2015-09-27 06:40:49
Screen ,2015-09-27 06:22:44,2015-09-27 06:34:37
Screen ,2015-09-27 05:58:53,2015-09-27 05:58:54
Screen ,2015-09-27 05:58:16,2015-09-27 05:58:18
Screen ,2015-09-27 05:57:39,2015-09-27 05:57:40
Screen ,2015-09-27 05:30:03,2015-09-27 05:35:51
Screen ,2015-09-26 22:03:28,2015-09-26 22:38:03
Screen ,2015-09-26 22:02:17,2015-09-26 22:02:29
Screen ,2015-09-26 21:59:59,2015-09-26 22:00:27
Screen ,2015-09-26 20:57:42,2015-09-26 21:49:19
Screen ,2015-09-26 20:56:58,2015-09-26 20:57:41
Screen ,2015-09-26 20:56:55,2015-09-26 20:56:58
Screen ,2015-09-26 20:56:54,2015-09-26 20:56:54
Screen ,2015-09-26 20:56:30,2015-09-26 20:56:54
Screen ,2015-09-26 20:56:19,2015-09-26 20:56:26
Screen ,2015-09-26 19:06:00,2015-09-26 19:06:33
Screen ,2015-09-26 17:54:50,2015-09-26 18:01:00
Screen ,2015-09-26 17:42:18,2015-09-26 17:42:39
Screen ,2015-09-26 17:26:25,2015-09-26 17:28:02
Screen ,2015-09-26 17:26:08,2015-09-26 17:26:17
Screen ,2015-09-26 17:26:07,2015-09-26 17:26:07
Screen ,2015-09-26 17:18:13,2015-09-26 17:19:12
Screen ,2015-09-26 15:14:53,2015-09-26 15:15:13
Screen ,2015-09-26 15:08:55,2015-09-26 15:10:41
Screen ,2015-09-26 15:05:11,2015-09-26 15:08:51
Screen ,2015-09-26 15:03:03,2015-09-26 15:05:04
Screen ,2015-09-26 15:01:25,2015-09-26 15:02:12
Screen ,2015-09-26 14:59:57,2015-09-26 15:00:13
Screen ,2015-09-26 14:59:22,2015-09-26 14:59:28
Screen ,2015-09-26 14:41:25,2015-09-26 14:41:51
Screen ,2015-09-26 14:41:21,2015-09-26 14:41:24
Screen ,2015-09-26 14:40:36,2015-09-26 14:41:19
Screen ,2015-09-26 14:39:37,2015-09-26 14:40:35
Screen ,2015-09-26 14:39:33,2015-09-26 14:39:35
Screen ,2015-09-26 14:38:28,2015-09-26 14:39:04
Screen ,2015-09-26 14:35:51,2015-09-26 14:36:07
Screen ,2015-09-26 14:35:12,2015-09-26 14:35:38
Screen ,2015-09-26 14:34:08,2015-09-26 14:35:09
Screen ,2015-09-26 14:33:49,2015-09-26 14:34:06
Screen ,2015-09-26 14:32:14,2015-09-26 14:33:45
Screen ,2015-09-26 14:23:31,2015-09-26 14:23:53
Home ,2015-09-26 14:23:29,2015-09-27 05:35:50
Screen ,2015-09-26 14:20:33,2015-09-26 14:20:40
Driving,2015-09-26 14:14:52,2015-09-26 14:23:30
Screen ,2015-09-26 14:07:39,2015-09-26 14:08:11
Screen ,2015-09-26 12:29:10,2015-09-26 12:32:10
Screen ,2015-09-26 12:28:50,2015-09-26 12:28:55
Screen ,2015-09-26 12:25:51,2015-09-26 12:26:41
Screen ,2015-09-26 12:16:16,2015-09-26 12:19:55
Screen ,2015-09-26 12:14:49,2015-09-26 12:15:10
Screen ,2015-09-26 12:10:58,2015-09-26 12:11:22
Screen ,2015-09-26 12:07:32,2015-09-26 12:10:09
Screen ,2015-09-26 11:47:55,2015-09-26 11:49:13
Screen ,2015-09-26 11:45:41,2015-09-26 11:47:53
Screen ,2015-09-26 11:44:04,2015-09-26 11:44:51
Screen ,2015-09-26 11:41:00,2015-09-26 11:41:57
Screen ,2015-09-26 11:38:28,2015-09-26 11:40:47
Screen ,2015-09-26 11:36:30,2015-09-26 11:36:36
Screen ,2015-09-26 11:28:36,2015-09-26 11:28:44
Driving,2015-09-26 11:26:47,2015-09-26 11:34:06
Screen ,2015-09-26 11:24:45,2015-09-26 11:25:21
Screen ,2015-09-26 10:26:05,2015-09-26 10:26:12
Sportrock,2015-09-26 10:03:21,2015-09-26 11:24:54
Screen ,2015-09-26 10:03:01,2015-09-26 10:03:28
Screen ,2015-09-26 09:49:57,2015-09-26 09:50:03
Screen ,2015-09-26 09:49:36,2015-09-26 09:49:45
Driving,2015-09-26 09:48:23,2015-09-26 09:58:18
Screen ,2015-09-26 09:46:37,2015-09-26 09:46:48
Screen ,2015-09-26 09:35:33,2015-09-26 09:36:02
Screen ,2015-09-26 08:53:10,2015-09-26 08:53:17
Screen ,2015-09-26 08:48:28,2015-09-26 08:48:58
Home ,2015-09-26 08:42:51,2015-09-26 09:49:05
Screen ,2015-09-26 08:42:37,2015-09-26 08:42:51
Screen ,2015-09-26 08:36:30,2015-09-26 08:37:15
Screen ,2015-09-26 08:34:23,2015-09-26 08:34:33
Screen ,2015-09-26 08:32:48,2015-09-26 08:33:13
Screen ,2015-09-26 08:30:46,2015-09-26 08:31:24
Screen ,2015-09-26 08:30:16,2015-09-26 08:30:20
Screen ,2015-09-26 08:29:30,2015-09-26 08:29:37
Screen ,2015-09-26 08:28:00,2015-09-26 08:28:05
Screen ,2015-09-26 08:12:28,2015-09-26 08:12:37
Screen ,2015-09-26 07:59:12,2015-09-26 07:59:26
Screen ,2015-09-26 07:58:45,2015-09-26 07:58:47
Screen ,2015-09-26 07:57:48,2015-09-26 07:57:55
Screen ,2015-09-26 07:54:38,2015-09-26 07:55:02
Screen ,2015-09-26 07:53:16,2015-09-26 07:53:21
Screen ,2015-09-26 07:29:02,2015-09-26 07:52:37
Screen ,2015-09-26 07:25:53,2015-09-26 07:27:18
Home ,2015-09-26 07:21:50,2015-09-26 08:00:37
Driving,2015-09-26 07:18:54,2015-09-26 07:21:57
Screen ,2015-09-26 07:17:26,2015-09-26 07:18:40
Screen ,2015-09-26 07:16:05,2015-09-26 07:16:37
Screen ,2015-09-26 07:14:20,2015-09-26 07:14:33
Screen ,2015-09-26 07:12:10,2015-09-26 07:12:36
Screen ,2015-09-26 07:09:49,2015-09-26 07:10:28
Screen ,2015-09-26 07:06:49,2015-09-26 07:07:03
Screen ,2015-09-26 07:05:31,2015-09-26 07:05:46
Screen ,2015-09-26 07:03:42,2015-09-26 07:04:03
Screen ,2015-09-26 07:01:24,2015-09-26 07:01:51
Screen ,2015-09-26 06:59:38,2015-09-26 07:00:22
Screen ,2015-09-26 06:57:44,2015-09-26 06:58:09
Screen ,2015-09-26 06:55:14,2015-09-26 06:56:38
GYM,2015-09-26 06:51:31,2015-09-26 07:22:00
Screen ,2015-09-26 06:51:11,2015-09-26 06:52:30
Screen ,2015-09-26 06:46:17,2015-09-26 06:46:19
Driving,2015-09-26 06:44:19,2015-09-26 06:47:37
Screen ,2015-09-26 06:42:52,2015-09-26 06:42:52
Screen ,2015-09-26 06:38:40,2015-09-26 06:39:20
Screen ,2015-09-26 06:36:05,2015-09-26 06:38:16
Screen ,2015-09-26 05:53:02,2015-09-26 06:34:08
Screen ,2015-09-26 05:45:19,2015-09-26 05:53:00
Screen ,2015-09-26 05:39:06,2015-09-26 05:45:13
Screen ,2015-09-26 05:30:02,2015-09-26 05:39:05
Screen ,2015-09-25 22:33:03,2015-09-25 23:16:02
Screen ,2015-09-25 21:32:09,2015-09-25 21:40:55
Screen ,2015-09-25 21:32:08,2015-09-25 21:32:08
Screen ,2015-09-25 20:06:02,2015-09-25 20:06:38
Screen ,2015-09-25 20:04:41,2015-09-25 20:04:43
Screen ,2015-09-25 20:01:56,2015-09-25 20:02:28
Home ,2015-09-25 20:01:55,2015-09-26 06:44:58
Screen ,2015-09-25 19:39:51,2015-09-25 19:39:57
Screen ,2015-09-25 19:32:37,2015-09-25 19:32:46
Screen ,2015-09-25 19:30:54,2015-09-25 19:31:18
Screen ,2015-09-25 19:28:40,2015-09-25 19:28:56
Driving,2015-09-25 19:28:21,2015-09-25 20:01:59
Screen ,2015-09-25 19:17:56,2015-09-25 19:23:33
Screen ,2015-09-25 19:09:18,2015-09-25 19:09:30
Screen ,2015-09-25 19:05:56,2015-09-25 19:06:05
Driving,2015-09-25 19:02:15,2015-09-25 19:05:19
Screen ,2015-09-25 18:55:41,2015-09-25 18:56:10
Driving,2015-09-25 18:35:19,2015-09-25 18:42:37
Screen ,2015-09-25 18:33:03,2015-09-25 18:33:17
Screen ,2015-09-25 18:31:53,2015-09-25 18:32:41
Screen ,2015-09-25 18:18:56,2015-09-25 18:19:08
Screen ,2015-09-25 18:18:05,2015-09-25 18:18:26
Screen ,2015-09-25 17:55:04,2015-09-25 17:55:26
Screen ,2015-09-25 17:37:05,2015-09-25 17:37:10
Screen ,2015-09-25 17:36:49,2015-09-25 17:37:03
Screen ,2015-09-25 17:32:00,2015-09-25 17:32:33
Screen ,2015-09-25 17:30:10,2015-09-25 17:31:59
Screen ,2015-09-25 17:29:18,2015-09-25 17:29:49
Driving,2015-09-25 17:27:43,2015-09-25 17:29:25
Screen ,2015-09-25 17:25:11,2015-09-25 17:27:17
Screen ,2015-09-25 17:24:42,2015-09-25 17:24:51
Screen ,2015-09-25 17:22:38,2015-09-25 17:23:43
Screen ,2015-09-25 17:21:26,2015-09-25 17:21:33
Screen ,2015-09-25 17:20:42,2015-09-25 17:20:46
Screen ,2015-09-25 17:19:32,2015-09-25 17:19:46
Screen ,2015-09-25 17:17:45,2015-09-25 17:18:02
Screen ,2015-09-25 17:13:23,2015-09-25 17:13:42
Screen ,2015-09-25 17:11:14,2015-09-25 17:11:38
Screen ,2015-09-25 17:04:16,2015-09-25 17:04:34
Screen ,2015-09-25 17:02:42,2015-09-25 17:02:54
Driving,2015-09-25 16:41:32,2015-09-25 17:22:41
Screen ,2015-09-25 16:40:57,2015-09-25 16:41:41
Screen ,2015-09-25 16:40:10,2015-09-25 16:40:22
Screen ,2015-09-25 16:38:49,2015-09-25 16:40:02
Screen ,2015-09-25 16:37:28,2015-09-25 16:37:36
Screen ,2015-09-25 16:36:15,2015-09-25 16:36:33
Screen ,2015-09-25 16:05:16,2015-09-25 16:05:54
Screen ,2015-09-25 15:42:36,2015-09-25 15:42:44
Screen ,2015-09-25 15:41:15,2015-09-25 15:41:20
Screen ,2015-09-25 15:40:46,2015-09-25 15:41:13
Screen ,2015-09-25 14:42:44,2015-09-25 14:43:25
Screen ,2015-09-25 14:33:13,2015-09-25 14:34:08
Screen ,2015-09-25 14:08:36,2015-09-25 14:08:50
Screen ,2015-09-25 13:59:42,2015-09-25 13:59:57
Screen ,2015-09-25 13:48:58,2015-09-25 13:49:19
Screen ,2015-09-25 13:45:39,2015-09-25 13:47:22
Screen ,2015-09-25 13:45:03,2015-09-25 13:45:38
Screen ,2015-09-25 13:40:12,2015-09-25 13:41:08
Screen ,2015-09-25 13:26:32,2015-09-25 13:27:08
Screen ,2015-09-25 13:25:13,2015-09-25 13:25:59
Screen ,2015-09-25 13:24:36,2015-09-25 13:24:57
Screen ,2015-09-25 13:24:02,2015-09-25 13:24:27
Screen ,2015-09-25 13:22:33,2015-09-25 13:23:17
Screen ,2015-09-25 12:58:54,2015-09-25 12:59:00
Screen ,2015-09-25 12:40:42,2015-09-25 12:40:49
Screen ,2015-09-25 12:24:12,2015-09-25 12:24:18
Screen ,2015-09-25 12:22:10,2015-09-25 12:22:32
Screen ,2015-09-25 12:21:45,2015-09-25 12:21:55
Screen ,2015-09-25 12:18:25,2015-09-25 12:19:02
Screen ,2015-09-25 12:11:14,2015-09-25 12:12:16
Screen ,2015-09-25 12:01:09,2015-09-25 12:02:05
Screen ,2015-09-25 12:00:21,2015-09-25 12:00:57
Screen ,2015-09-25 11:57:38,2015-09-25 11:57:59
Screen ,2015-09-25 11:49:47,2015-09-25 11:49:58
Screen ,2015-09-25 11:48:33,2015-09-25 11:49:04
Screen ,2015-09-25 11:32:20,2015-09-25 11:34:07
Screen ,2015-09-25 11:00:26,2015-09-25 11:01:01
Screen ,2015-09-25 10:58:00,2015-09-25 10:59:22
Screen ,2015-09-25 10:52:56,2015-09-25 10:53:15
Screen ,2015-09-25 10:46:53,2015-09-25 10:47:02
Screen ,2015-09-25 10:46:22,2015-09-25 10:46:32
Screen ,2015-09-25 10:45:29,2015-09-25 10:45:57
Screen ,2015-09-25 10:44:35,2015-09-25 10:45:02
Screen ,2015-09-25 10:44:01,2015-09-25 10:44:27
Screen ,2015-09-25 10:29:36,2015-09-25 10:29:50
Screen ,2015-09-25 10:16:56,2015-09-25 10:17:08
Screen ,2015-09-25 10:05:38,2015-09-25 10:05:50
Screen ,2015-09-25 10:03:11,2015-09-25 10:03:36
Screen ,2015-09-25 09:07:01,2015-09-25 09:07:40
Screen ,2015-09-25 09:06:30,2015-09-25 09:06:36
Screen ,2015-09-25 09:05:46,2015-09-25 09:05:59
Screen ,2015-09-25 09:05:09,2015-09-25 09:05:34
Screen ,2015-09-25 08:51:02,2015-09-25 08:52:23
Screen ,2015-09-25 08:50:07,2015-09-25 08:51:00
Screen ,2015-09-25 08:42:53,2015-09-25 08:43:16
Screen ,2015-09-25 08:42:30,2015-09-25 08:42:47
Screen ,2015-09-25 08:42:05,2015-09-25 08:42:21
Screen ,2015-09-25 08:41:06,2015-09-25 08:41:56
Screen ,2015-09-25 08:40:44,2015-09-25 08:40:50
Screen ,2015-09-25 08:39:26,2015-09-25 08:40:06
WORK,2015-09-25 08:37:29,2015-09-25 16:39:52
Screen ,2015-09-25 08:37:15,2015-09-25 08:37:40
Driving,2015-09-25 08:26:08,2015-09-25 08:37:07
Screen ,2015-09-25 08:19:42,2015-09-25 08:21:11
Screen ,2015-09-25 08:16:20,2015-09-25 08:19:41
Screen ,2015-09-25 08:14:27,2015-09-25 08:15:44
Screen ,2015-09-25 08:03:52,2015-09-25 08:04:21
Screen ,2015-09-25 08:00:10,2015-09-25 08:00:38
Screen ,2015-09-25 07:55:52,2015-09-25 07:56:18
Screen ,2015-09-25 07:41:02,2015-09-25 07:41:39
Screen ,2015-09-25 07:26:47,2015-09-25 07:27:19
Screen ,2015-09-25 07:26:42,2015-09-25 07:26:46
Screen ,2015-09-25 07:22:34,2015-09-25 07:23:03
Screen ,2015-09-25 07:22:24,2015-09-25 07:22:33
Screen ,2015-09-25 07:15:08,2015-09-25 07:15:40
Screen ,2015-09-25 07:02:59,2015-09-25 07:03:16
Screen ,2015-09-25 06:28:54,2015-09-25 06:29:43
Screen ,2015-09-25 06:14:35,2015-09-25 06:15:14
Screen ,2015-09-25 06:03:21,2015-09-25 06:03:49
Screen ,2015-09-25 05:45:14,2015-09-25 05:51:58
Screen ,2015-09-25 05:40:59,2015-09-25 05:45:13
Screen ,2015-09-25 05:39:21,2015-09-25 05:40:58
Screen ,2015-09-25 05:37:41,2015-09-25 05:39:20
Screen ,2015-09-25 05:36:17,2015-09-25 05:37:39
Screen ,2015-09-25 05:30:02,2015-09-25 05:36:16
Screen ,2015-09-25 00:49:21,2015-09-25 00:55:20
Screen ,2015-09-25 00:05:04,2015-09-25 00:49:13
Screen ,2015-09-25 00:04:22,2015-09-25 00:04:57
Screen ,2015-09-25 00:01:14,2015-09-25 00:04:21
Screen ,2015-09-24 23:48:00,2015-09-24 23:50:43
Screen ,2015-09-24 23:35:25,2015-09-24 23:47:39
Home ,2015-09-24 23:33:13,2015-09-25 08:26:56
Screen ,2015-09-24 23:22:48,2015-09-24 23:23:05
Screen ,2015-09-24 23:14:07,2015-09-24 23:14:16
Driving,2015-09-24 23:13:08,2015-09-24 23:32:59
Screen ,2015-09-24 23:13:01,2015-09-24 23:13:25
Screen ,2015-09-24 23:11:36,2015-09-24 23:11:41
Screen ,2015-09-24 23:10:02,2015-09-24 23:11:07
Screen ,2015-09-24 23:09:11,2015-09-24 23:09:56
Screen ,2015-09-24 21:22:44,2015-09-24 21:22:50
Screen ,2015-09-24 21:15:32,2015-09-24 21:17:24
Screen ,2015-09-24 21:10:48,2015-09-24 21:11:01
Screen ,2015-09-24 21:08:04,2015-09-24 21:08:46
Screen ,2015-09-24 21:06:09,2015-09-24 21:06:54
Screen ,2015-09-24 21:05:31,2015-09-24 21:06:08
Driving,2015-09-24 20:45:44,2015-09-24 21:04:59
Screen ,2015-09-24 20:17:14,2015-09-24 20:17:52
Screen ,2015-09-24 19:46:08,2015-09-24 19:47:39
Screen ,2015-09-24 19:45:26,2015-09-24 19:45:32
Screen ,2015-09-24 18:20:09,2015-09-24 18:20:14
Screen ,2015-09-24 18:04:06,2015-09-24 18:04:20
Screen ,2015-09-24 18:03:44,2015-09-24 18:04:01
Screen ,2015-09-24 18:03:38,2015-09-24 18:03:41
Screen ,2015-09-24 18:01:23,2015-09-24 18:03:34
Screen ,2015-09-24 17:59:14,2015-09-24 18:00:49
Screen ,2015-09-24 17:55:32,2015-09-24 17:57:14
Screen ,2015-09-24 17:55:22,2015-09-24 17:55:30
Screen ,2015-09-24 17:52:48,2015-09-24 17:55:05
Screen ,2015-09-24 17:46:31,2015-09-24 17:48:26
Screen ,2015-09-24 17:45:20,2015-09-24 17:46:16
Screen ,2015-09-24 17:37:28,2015-09-24 17:43:33
Screen ,2015-09-24 17:35:52,2015-09-24 17:37:20
Screen ,2015-09-24 17:34:19,2015-09-24 17:34:24
Screen ,2015-09-24 17:32:54,2015-09-24 17:33:18
Screen ,2015-09-24 17:31:25,2015-09-24 17:31:59
Screen ,2015-09-24 17:21:03,2015-09-24 17:21:17
Screen ,2015-09-24 17:18:21,2015-09-24 17:21:02
Screen ,2015-09-24 17:15:46,2015-09-24 17:18:08
Screen ,2015-09-24 17:11:59,2015-09-24 17:15:36
Screen ,2015-09-24 17:10:40,2015-09-24 17:11:58
Screen ,2015-09-24 17:08:50,2015-09-24 17:09:50
Screen ,2015-09-24 17:07:42,2015-09-24 17:07:54
Screen ,2015-09-24 17:06:23,2015-09-24 17:07:01
Home ,2015-09-24 17:06:10,2015-09-24 20:46:28
Screen ,2015-09-24 16:59:22,2015-09-24 16:59:45
Screen ,2015-09-24 16:58:27,2015-09-24 16:58:28
Screen ,2015-09-24 16:52:43,2015-09-24 16:53:46
Driving,2015-09-24 16:51:04,2015-09-24 17:06:19
Screen ,2015-09-24 16:50:17,2015-09-24 16:50:51
Screen ,2015-09-24 16:49:14,2015-09-24 16:49:41
Screen ,2015-09-24 16:48:56,2015-09-24 16:49:00
Screen ,2015-09-24 16:43:47,2015-09-24 16:44:06
Screen ,2015-09-24 16:31:04,2015-09-24 16:31:24
Screen ,2015-09-24 16:13:41,2015-09-24 16:13:56
Screen ,2015-09-24 16:08:31,2015-09-24 16:08:39
Screen ,2015-09-24 15:58:01,2015-09-24 15:58:12
Screen ,2015-09-24 15:55:10,2015-09-24 15:55:29
Screen ,2015-09-24 15:48:53,2015-09-24 15:49:06
Screen ,2015-09-24 15:48:33,2015-09-24 15:48:41
Screen ,2015-09-24 15:42:35,2015-09-24 15:43:05
Screen ,2015-09-24 15:41:34,2015-09-24 15:41:39
Screen ,2015-09-24 15:36:35,2015-09-24 15:37:20
Screen ,2015-09-24 15:35:36,2015-09-24 15:35:59
Screen ,2015-09-24 15:19:53,2015-09-24 15:20:24
Screen ,2015-09-24 15:16:02,2015-09-24 15:16:19
Screen ,2015-09-24 15:09:36,2015-09-24 15:09:45
Screen ,2015-09-24 15:05:28,2015-09-24 15:05:38
Screen ,2015-09-24 15:01:45,2015-09-24 15:01:57
Screen ,2015-09-24 14:57:19,2015-09-24 14:58:22
Screen ,2015-09-24 14:56:27,2015-09-24 14:56:53
Screen ,2015-09-24 14:47:00,2015-09-24 14:47:04
Screen ,2015-09-24 14:46:22,2015-09-24 14:46:38
Screen ,2015-09-24 14:45:39,2015-09-24 14:46:13
Screen ,2015-09-24 14:43:29,2015-09-24 14:44:13
Screen ,2015-09-24 14:27:26,2015-09-24 14:27:59
Screen ,2015-09-24 13:27:50,2015-09-24 13:28:02
Screen ,2015-09-24 12:33:54,2015-09-24 12:35:04
Screen ,2015-09-24 12:11:55,2015-09-24 12:11:59
Screen ,2015-09-24 12:05:48,2015-09-24 12:05:52
Screen ,2015-09-24 11:49:10,2015-09-24 11:49:16
Screen ,2015-09-24 11:46:48,2015-09-24 11:47:07
Screen ,2015-09-24 11:32:02,2015-09-24 11:33:11
Screen ,2015-09-24 11:31:50,2015-09-24 11:31:57
Screen ,2015-09-24 11:11:18,2015-09-24 11:11:25
Screen ,2015-09-24 11:07:31,2015-09-24 11:07:52
Screen ,2015-09-24 10:25:57,2015-09-24 10:26:12
Screen ,2015-09-24 10:06:44,2015-09-24 10:06:47
Screen ,2015-09-24 10:03:43,2015-09-24 10:03:50
Screen ,2015-09-24 09:59:53,2015-09-24 10:00:18
Screen ,2015-09-24 08:47:26,2015-09-24 08:49:48
Screen ,2015-09-24 08:47:25,2015-09-24 08:47:25
Screen ,2015-09-24 08:44:10,2015-09-24 08:44:45
Screen ,2015-09-24 08:44:06,2015-09-24 08:44:09
Screen ,2015-09-24 08:43:30,2015-09-24 08:43:52
WORK,2015-09-24 08:43:26,2015-09-24 16:44:02
Driving,2015-09-24 08:33:20,2015-09-24 08:42:47
Screen ,2015-09-24 08:30:41,2015-09-24 08:43:04
Screen ,2015-09-24 08:23:32,2015-09-24 08:25:24
Screen ,2015-09-24 08:20:46,2015-09-24 08:23:31
Screen ,2015-09-24 08:07:33,2015-09-24 08:20:07
Screen ,2015-09-24 07:54:42,2015-09-24 07:54:43
Screen ,2015-09-24 07:52:18,2015-09-24 07:54:08
Screen ,2015-09-24 07:46:09,2015-09-24 07:51:56
Screen ,2015-09-24 07:42:00,2015-09-24 07:45:44
Screen ,2015-09-24 07:40:54,2015-09-24 07:41:46
Screen ,2015-09-24 07:20:36,2015-09-24 07:40:34
Screen ,2015-09-24 07:10:13,2015-09-24 07:20:00
Screen ,2015-09-24 07:00:33,2015-09-24 07:10:00
Screen ,2015-09-24 07:00:12,2015-09-24 07:00:20
Screen ,2015-09-24 05:46:17,2015-09-24 05:46:19
Screen ,2015-09-23 23:47:10,2015-09-23 23:52:10
Screen ,2015-09-23 23:45:52,2015-09-23 23:46:02
Screen ,2015-09-23 23:44:17,2015-09-23 23:45:27
Home ,2015-09-23 23:41:58,2015-09-24 08:34:04
Screen ,2015-09-23 23:20:38,2015-09-23 23:44:12
Driving,2015-09-23 23:20:05,2015-09-23 23:41:22
Screen ,2015-09-23 23:19:44,2015-09-23 23:20:27
Screen ,2015-09-23 23:14:45,2015-09-23 23:19:29
Screen ,2015-09-23 23:11:30,2015-09-23 23:14:44
Screen ,2015-09-23 23:05:42,2015-09-23 23:10:55
Screen ,2015-09-23 21:39:32,2015-09-23 23:05:41
Screen ,2015-09-23 21:23:19,2015-09-23 21:39:28
Screen ,2015-09-23 21:19:14,2015-09-23 21:23:11
Screen ,2015-09-23 21:15:41,2015-09-23 21:18:02
Screen ,2015-09-23 21:13:41,2015-09-23 21:15:36
Screen ,2015-09-23 21:13:06,2015-09-23 21:13:40
Screen ,2015-09-23 21:11:32,2015-09-23 21:12:35
Screen ,2015-09-23 21:10:40,2015-09-23 21:11:21
Screen ,2015-09-23 21:01:11,2015-09-23 21:10:26
Screen ,2015-09-23 20:55:12,2015-09-23 21:01:06
Screen ,2015-09-23 20:51:04,2015-09-23 20:55:09
Screen ,2015-09-23 20:50:05,2015-09-23 20:51:04
Screen ,2015-09-23 20:49:50,2015-09-23 20:49:56
Driving,2015-09-23 20:49:18,2015-09-23 21:10:35
Screen ,2015-09-23 20:46:35,2015-09-23 20:49:20
Screen ,2015-09-23 19:58:02,2015-09-23 20:04:02
Screen ,2015-09-23 19:57:42,2015-09-23 19:57:43
Home ,2015-09-23 16:50:05,2015-09-23 20:50:43
WORK,2015-09-23 16:41:13,2015-09-23 16:51:17
Driving,2015-09-23 16:41:13,2015-09-23 16:50:06
Driving,2015-09-23 16:39:10,2015-09-23 16:41:12
WORK,2015-09-23 08:52:49,2015-09-23 16:41:12
WORK,2015-09-23 08:48:01,2015-09-23 08:52:49
WORK,2015-09-23 08:46:25,2015-09-23 08:48:00
Driving,2015-09-23 08:28:14,2015-09-23 08:39:25
Home ,2015-09-22 18:15:55,2015-09-23 08:29:00
Home ,2015-09-22 17:35:19,2015-09-22 18:10:38
Home ,2015-09-22 17:05:08,2015-09-22 17:35:18
GYM,2015-09-22 16:54:05,2015-09-22 16:54:05
Driving,2015-09-22 16:46:05,2015-09-22 16:57:05
WORK,2015-09-22 08:55:47,2015-09-22 16:50:31
